City_ID,City,Lat,Lng,Max Temp,Humidity,Cloudiness,Wind Speed,Country,Date
0,anadyr,64.75,177.4833,8.28,87,75,4.0,RU,1688834903
1,hawaiian paradise park,19.5933,-154.9731,22.73,89,100,3.44,US,1688834903
2,holualoa,19.6228,-155.9522,22.1,80,75,3.6,US,1688834820
3,brookings,44.3114,-96.7984,21.14,48,0,5.66,US,1688834786
4,vila franca do campo,37.7167,-25.4333,21.23,56,58,1.95,PT,1688834903
5,waitangi,-43.9535,-176.5597,8.79,94,37,5.36,NZ,1688834903
6,vila velha,-20.3297,-40.2925,28.97,55,20,5.66,BR,1688834904
7,albany,42.6001,-73.9662,28.27,75,17,0.94,US,1688834868
8,rio gallegos,-51.6226,-69.2181,0.03,80,20,6.69,AR,1688834790
9,taoudenni,22.6783,-3.9836,47.67,5,0,4.52,ML,1688834904
10,portage la prairie,49.9728,-98.2926,20.52,56,70,2.24,CA,1688834904
11,afua,-0.1567,-50.3867,31.16,56,18,3.75,BR,1688834905
12,tidjikja,18.5564,-11.4271,42.02,10,88,4.59,MR,1688834905
13,adamstown,-25.066,-130.1015,22.43,64,100,7.48,PN,1688834905
14,yako,12.9667,-2.2667,36.5,30,84,0.98,BF,1688834906
15,antsiranana,-12.2787,49.2917,23.17,70,62,9.15,MG,1688834906
16,ancud,-41.8697,-73.8203,8.23,87,98,8.46,CL,1688834906
17,dwarka,22.2394,68.9678,28.19,84,98,6.7,IN,1688834906
18,edinburgh of the seven seas,-37.0676,-12.3116,14.4,82,98,11.42,SH,1688834906
19,college,64.8569,-147.8028,10.97,86,100,3.6,US,1688834906
20,papatowai,-46.5619,169.4708,6.66,90,100,2.9,NZ,1688834907
21,kingston,17.997,-76.7936,34.58,61,20,8.23,JM,1688834509
22,yellowknife,62.456,-114.3525,24.29,38,20,4.63,CA,1688834907
23,invercargill,-46.4,168.35,5.37,93,92,1.71,NZ,1688834907
24,bahau,2.8079,102.4049,23.91,94,57,0.52,MY,1688834907
25,ghat,24.9647,10.1728,36.58,8,0,8.46,LY,1688834907
26,st. john's,47.5649,-52.7093,21.82,91,100,5.66,CA,1688834907
27,kargopol',61.5071,38.9456,13.85,93,98,0.93,RU,1688834908
28,alo,7.4178,6.7371,26.52,89,85,3.11,NG,1688834908
29,stanley,54.868,-1.6985,19.77,89,40,2.57,GB,1688834908
30,isafjordur,66.0755,-23.124,8.02,87,20,5.66,IS,1688834908
31,longyearbyen,78.2186,15.6401,8.91,76,75,5.14,SJ,1688834909
32,sitka,57.0531,-135.33,13.94,82,100,5.66,US,1688834909
33,iqaluit,63.7506,-68.5145,7.85,93,100,1.54,CA,1688834909
34,letterkenny,54.95,-7.7333,22.94,51,60,2.65,IE,1688834909
35,amga,60.8953,131.9608,10.96,44,1,5.47,RU,1688834909
36,fukuchiyama,35.3,135.1167,24.82,98,100,2.59,JP,1688834909
37,bikenibeu village,1.3673,173.1241,26.98,94,100,1.03,KI,1688834910
38,west island,-12.1568,96.8225,25.99,78,40,5.66,CC,1688834910
39,kapuskasing,49.4169,-82.4331,14.05,94,100,4.12,CA,1688834898
40,cabedelo,-6.9811,-34.8339,28.37,78,62,5.69,BR,1688834910
41,ribeira grande,38.5167,-28.7,22.22,68,20,8.23,PT,1688834910
42,port-aux-francais,-49.35,70.2167,0.64,87,100,3.1,TF,1688834910
43,lorengau,-2.0226,147.2712,25.25,89,100,3.1,PG,1688834910
44,manaure,11.7751,-72.4445,32.03,54,100,9.08,CO,1688834911
45,sambava,-14.2667,50.1667,21.88,82,45,5.78,MG,1688834911
46,cabo san lucas,22.8909,-109.9124,33.99,51,0,4.12,MX,1688834671
47,udachny,66.4167,112.4,13.92,67,25,2.59,RU,1688834911
48,tura,25.5198,90.2201,23.98,97,94,2.54,IN,1688834911
49,blackmans bay,-43.0167,147.3167,7.07,88,82,8.11,AU,1688834911
50,la toma,-33.0526,-65.6238,16.63,46,0,5.37,AR,1688834912
51,san patricio,28.017,-97.5169,34.48,54,3,5.54,US,1688834912
52,whitehorse,60.7161,-135.0538,23.39,39,20,6.71,CA,1688834912
53,ushuaia,-54.8,-68.3,3.81,70,75,10.29,AR,1688834645
54,brisas de zicatela,15.8369,-97.0419,30.06,67,60,2.59,MX,1688834912
55,thompson,55.7435,-97.8558,13.09,88,100,5.14,CA,1688834912
56,masterton,-40.9597,175.6575,9.38,98,100,2.1,NZ,1688834913
57,pandan,14.0453,124.1694,27.11,81,100,2.33,PH,1688834913
58,puerto natales,-51.7236,-72.4875,-0.75,86,0,4.63,CL,1688834913
59,greenland,43.0362,-70.8328,30.6,77,40,3.6,US,1688834913
60,dunda,-8.1167,34.25,20.3,46,41,3.53,TZ,1688834913
61,sao joao da barra,-21.6403,-41.0511,28.05,50,3,4.11,BR,1688834913
62,petropavlovsk-kamchatsky,53.0452,158.6483,12.33,100,100,1.0,RU,1688834913
63,changji,44.0167,87.3167,24.44,53,0,1.0,CN,1688834914
64,touba,8.2833,-7.6833,27.81,68,83,0.99,CI,1688834776
65,hermanus,-34.4187,19.2345,8.22,64,80,9.51,ZA,1688834914
66,oranjemund,-28.55,16.4333,13.84,73,5,4.86,NA,1688834914
67,klyuchi,52.2667,79.1667,20.22,64,49,3.73,RU,1688834914
68,grytviken,-54.2811,-36.5092,-8.08,82,24,5.36,GS,1688834914
69,tiksi,71.6872,128.8694,1.87,68,100,5.6,RU,1688834915
70,waingapu,-9.6567,120.2641,24.02,86,55,4.01,ID,1688834915
71,alaghsas,17.0187,8.0168,40.94,20,20,2.06,NE,1688834915
72,sefrou,33.8319,-4.828,29.53,30,20,4.12,MA,1688834915
73,bereznik,62.8551,42.7072,11.73,98,100,2.7,RU,1688834915
74,saynshand,44.8824,110.1163,21.43,48,25,2.45,MN,1688834916
75,lubango,-14.9172,13.4925,21.92,24,0,2.57,AO,1688834916
76,lospalos,-8.5186,127.0025,20.48,84,28,2.75,TL,1688834916
77,bethel,41.3712,-73.414,30.41,70,75,0.0,US,1688834865
78,wailua homesteads,22.0669,-159.378,25.44,79,100,7.72,US,1688834916
79,tumut,-35.3,148.2167,5.34,96,95,1.63,AU,1688834916
80,ust'-ordynskiy,52.805,104.7508,16.45,81,2,1.34,RU,1688834916
81,dhidhdhoo,6.8833,73.1,27.88,79,12,4.09,MV,1688834840
82,callao,-12.0667,-77.15,23.16,64,0,6.17,PE,1688834917
83,bredasdorp,-34.5322,20.0403,10.26,66,28,7.32,ZA,1688834917
84,broken hill,-31.95,141.4333,8.15,77,0,4.09,AU,1688834917
85,severo-yeniseyskiy,60.3725,93.0408,17.42,66,91,1.43,RU,1688834917
86,punta arenas,-53.15,-70.9167,2.06,80,0,3.09,CL,1688834655
87,kibaya,-5.3,36.5667,14.6,69,43,3.87,TZ,1688834918
88,vilyuchinsk,52.9306,158.4028,13.15,89,100,2.04,RU,1688834918
89,port lincoln,-34.7333,135.8667,12.52,75,25,5.4,AU,1688834897
90,saudarkrokur,65.7461,-19.6394,17.42,55,22,0.79,IS,1688834918
91,vorgashor,67.5833,63.95,11.6,78,95,2.06,RU,1688834918
92,vadso,70.0744,29.7487,11.49,71,76,5.66,NO,1688834918
93,port mathurin,-19.6833,63.4167,23.69,64,20,11.21,MU,1688834919
94,olonkinbyen,70.9221,-8.7187,5.96,89,29,6.93,SJ,1688834919
95,portland,45.5234,-122.6762,18.86,70,100,1.34,US,1688834694
96,nouadhibou,20.931,-17.0347,25.99,61,6,9.77,MR,1688834919
97,dudinka,69.4058,86.1778,16.46,89,82,3.24,RU,1688834919
98,port alfred,-33.5906,26.891,13.43,72,18,3.58,ZA,1688834919
99,korhogo,9.45,-5.6333,28.99,61,85,3.16,CI,1688834919
100,falkenberg,56.9055,12.4912,21.81,56,58,2.32,SE,1688834920
101,fenoarivo be,-18.4333,46.5667,15.02,83,83,3.42,MG,1688834920
102,sinabang,2.4803,96.3801,25.78,83,100,2.85,ID,1688834920
103,saint-denis,48.9167,2.3333,34.36,34,0,5.66,FR,1688834920
104,puerto ayora,-0.7393,-90.3518,29.98,86,76,3.13,EC,1688834920
105,iskateley,67.6803,53.1512,6.69,77,99,4.8,RU,1688834920
106,avarua,-21.2078,-159.775,23.03,94,20,1.03,CK,1688834921
107,nar'yan-mar,67.6713,53.087,6.77,77,99,4.79,RU,1688834921
108,keflavik,64.0049,-22.5624,17.24,48,0,3.6,IS,1688834921
109,margaret river,-33.95,115.0667,14.33,76,84,5.81,AU,1688834921
110,hilo,19.7297,-155.09,22.85,90,100,0.89,US,1688834921
111,pangody,65.85,74.4859,15.61,75,83,4.13,RU,1688834921
112,carnarvon,-24.8667,113.6333,16.64,76,0,7.21,AU,1688834921
113,dalbandin,28.8947,64.4101,34.43,9,1,4.05,PK,1688834922
114,arangaon,18.6667,75.1833,25.02,77,95,6.5,IN,1688834922
115,nova sintra,14.8667,-24.7167,22.82,83,70,3.98,CV,1688834922
116,arua,3.0201,30.9111,17.94,96,90,3.14,UG,1688834922
117,westport,41.1415,-73.3579,31.15,78,0,3.6,US,1688834922
118,puerto carreno,6.189,-67.4859,27.99,78,95,2.06,CO,1688834922
119,nemuro,43.3236,145.575,13.34,98,65,2.53,JP,1688834923
120,port hedland,-20.3167,118.5667,11.03,40,4,3.6,AU,1688834923
121,ulladulla,-35.35,150.4667,11.93,57,5,6.11,AU,1688834923
122,pacific grove,36.6177,-121.9166,18.55,82,75,5.81,US,1688834923
123,niteroi,-22.8833,-43.1036,32.79,51,0,2.57,BR,1688834923
124,lacy-lakeview,31.6293,-97.1028,33.59,58,0,6.17,US,1688834923
125,bonito,-21.1211,-56.4819,30.38,35,53,5.15,BR,1688834923
126,ust-nera,64.5667,143.2,14.14,86,100,1.35,RU,1688834924
127,daru,-9.0763,143.2092,25.06,86,100,6.61,PG,1688834924
128,ilulissat,69.2167,-51.1,7.01,87,20,3.6,GL,1688834742
129,usta muhammad,28.1794,68.0445,34.19,42,94,1.46,PK,1688834924
130,susuman,62.7833,148.1667,13.21,83,84,3.61,RU,1688834924
131,utrik,11.2278,169.8474,27.97,79,96,7.2,MH,1688834924
132,bamboo flat,11.7,92.7167,25.05,94,75,1.03,IN,1688834924
133,paro,27.4305,89.4133,18.47,98,94,0.33,BT,1688834925
134,isabela,6.7085,121.9711,24.8,92,100,1.26,PH,1688834925
135,general conesa,-40.1,-64.4333,11.74,47,100,6.17,AR,1688834925
136,goris,41.9842,44.1158,19.54,96,95,2.1,GE,1688834925
137,wamba,8.9333,8.6,26.84,78,84,2.3,NG,1688834925
138,atafu village,-8.5421,-172.5159,28.42,78,77,8.39,TK,1688834926
139,qaqortoq,60.7167,-46.0333,8.04,77,22,2.54,GL,1688834926
140,mount pearl,47.5166,-52.7813,21.36,91,100,5.66,CA,1688834926
141,georgetown,5.4112,100.3354,26.12,89,40,4.12,MY,1688834926
142,jamestown,42.097,-79.2353,25.57,46,0,1.79,US,1688834794
143,porto cristo,39.5395,3.333,34.07,69,37,2.4,ES,1688834927
144,lupane,-18.9315,27.807,16.02,40,1,2.63,ZW,1688834927
145,chonchi,-42.6128,-73.8092,8.4,94,99,4.4,CL,1688834927
146,souillac,-20.5167,57.5167,24.21,73,75,4.63,MU,1688834927
147,qarauyl,48.9451,79.255,16.86,70,100,2.07,KZ,1688834927
148,kendari,-3.945,122.4989,23.09,95,44,1.55,ID,1688834928
149,kirkwall,58.9848,-2.9587,18.03,72,0,10.29,GB,1688834928
150,seorinarayan,21.7333,82.5833,25.74,81,92,4.11,IN,1688834928
151,paita,-5.0892,-81.1144,23.67,71,90,3.54,PE,1688834928
152,saipan,15.1355,145.701,28.39,100,40,5.36,MP,1688834928
153,iglino,54.8324,56.4126,27.05,52,2,0.92,RU,1688834929
154,beloyarskiy,63.7119,66.6722,13.6,80,57,1.81,RU,1688834929
155,dunedin,-45.8742,170.5036,8.78,89,100,4.92,NZ,1688834357
156,gorontalo,0.5412,123.0595,23.94,90,97,0.86,ID,1688834929
157,murghob,38.1702,73.9667,10.23,41,100,2.79,TJ,1688834929
158,remire-montjoly,4.9167,-52.2667,31.02,66,40,4.63,GF,1688834929
159,darwin,-12.4611,130.8418,22.99,52,41,4.12,AU,1688834930
160,boende,-0.2167,20.8667,27.05,55,66,0.53,CD,1688834930
161,kondagaon,19.6,81.6667,22.28,91,99,2.66,IN,1688834930
162,melgar,4.2048,-74.6407,30.7,61,15,1.62,CO,1688834930
163,concepcion,-36.827,-73.0498,12.89,67,40,5.66,CL,1688834876
164,talnakh,69.4865,88.3972,16.23,89,83,1.05,RU,1688834930
165,suva,-18.1416,178.4415,20.71,100,75,0.0,FJ,1688834930
166,nadym,65.5333,72.5167,14.89,81,97,5.31,RU,1688834931
167,kupang,-10.1667,123.5833,24.18,82,15,4.79,ID,1688834931
168,banda aceh,5.5577,95.3222,25.91,83,100,5.08,ID,1688834931
169,anqing,30.5092,117.0506,24.16,95,100,4.34,CN,1688834931
170,freeport,40.6576,-73.5832,31.25,71,40,4.12,US,1688834634
171,inhambane,-23.865,35.3833,22.99,78,0,5.81,MZ,1688834931
172,shingu,33.7333,135.9833,26.77,87,100,4.74,JP,1688834931
173,luderitz,-26.6481,15.1594,14.32,66,0,11.91,NA,1688834932
174,plastun,44.7561,136.2939,18.63,87,12,2.36,RU,1688834932
175,ingeniero jacobacci,-41.3427,-69.5448,4.09,87,98,2.92,AR,1688834932
176,bardai,11.65,7.2333,32.85,36,83,2.68,NG,1688834932
177,lihue,21.9789,-159.3672,25.77,73,100,7.72,US,1688834932
178,warmbad,-28.45,18.7333,10.6,57,8,8.22,NA,1688834932
179,uturoa,-16.7333,-151.4333,27.0,73,53,9.67,PF,1688834933
180,wuzhou,23.4833,111.3167,25.62,88,98,0.92,CN,1688834933
181,novyy urgal,51.0736,132.5642,18.44,86,78,1.01,RU,1688834933
182,lebu,-37.6167,-73.65,11.26,68,100,5.28,CL,1688834896
183,iquique,-20.2208,-70.1431,20.02,65,9,2.99,CL,1688834700
184,flying fish cove,-10.4217,105.6791,24.82,78,75,5.14,CX,1688834933
185,el charco,2.4769,-78.1105,30.37,64,49,1.98,CO,1688834933
186,hamilton,39.1834,-84.5333,20.42,91,100,2.57,US,1688834913
187,riberalta,-10.9833,-66.1,32.11,62,40,2.06,BO,1688834934
188,kapa'a,22.0752,-159.319,26.18,79,100,7.72,US,1688834725
189,askoy,60.4092,5.226,23.86,56,0,4.12,NO,1688834934
190,omdurman,15.6445,32.4777,36.43,28,44,5.51,SD,1688834934
191,kruisfontein,-34.0033,24.7314,11.05,76,48,10.06,ZA,1688834934
192,enewetak,11.3474,162.3373,27.81,82,100,6.28,MH,1688834934
193,carletonville,-26.3609,27.3977,12.36,28,3,3.05,ZA,1688834831
194,el nido,11.1858,119.3956,27.83,76,90,0.9,PH,1688834935
195,tazovsky,67.4667,78.7,12.06,72,89,3.86,RU,1688834935
196,iwaki,37.05,140.8833,25.98,96,100,0.88,JP,1688834935
197,saint-pierre,-21.3393,55.4781,20.82,64,0,2.57,RE,1688834935
198,griffith,41.5284,-87.4237,20.12,93,100,3.09,US,1688834935
199,necochea,-38.5473,-58.7368,8.31,65,100,1.39,AR,1688834935
200,bernau am chiemsee,47.8167,12.3667,28.35,66,97,1.02,DE,1688834935
201,flin flon,54.7682,-101.865,14.91,88,100,2.06,CA,1688834936
202,naze,28.3667,129.4833,26.51,89,73,6.15,JP,1688834936
203,canon city,38.441,-105.2424,26.68,60,75,2.06,US,1688834936
204,mount isa,-20.7333,139.5,3.87,93,6,0.0,AU,1688834936
205,gwadar,25.1216,62.3254,28.63,85,77,3.9,PK,1688834658
206,batabano,22.7164,-82.2881,32.34,53,3,3.37,CU,1688834936
207,pisco,-13.7,-76.2167,22.03,60,100,3.09,PE,1688834937
208,taulaga,-11.0553,-171.0883,28.16,74,55,6.92,AS,1688834937
209,lata,40.1629,-8.3327,27.49,48,78,3.98,PT,1688834937
210,lensk,60.7253,114.9278,13.68,89,6,0.61,RU,1688834937
211,nuku'alofa,-21.1333,-175.2,16.19,100,20,0.0,TO,1688834937
212,hammerfest,70.6634,23.6821,12.25,62,30,6.17,NO,1688834937
213,east ballina,-28.8667,153.5833,11.76,59,0,4.67,AU,1688834937
214,badger,64.8,-147.5333,10.93,89,100,3.6,US,1688834938
215,mildura,-34.2,142.15,8.93,88,0,5.12,AU,1688834894
216,calapan,13.4117,121.1803,26.73,80,79,1.5,PH,1688834938
217,midvagur,62.0511,-7.1939,18.46,68,0,7.72,FO,1688834938
218,palikir - national government center,6.9248,158.1611,27.41,83,100,2.06,FM,1688834938
219,kertih,4.5141,103.4483,25.05,94,100,0.0,MY,1688834938
220,deblin,51.5591,21.8483,28.65,31,38,2.06,PL,1688834938
221,jutai,-5.1833,-68.9,28.69,81,72,0.94,BR,1688834939
222,agadez,19.75,10.25,38.15,8,0,3.12,NE,1688834939
223,weno,7.4515,151.8468,26.97,94,100,2.06,FM,1688834939
224,harstad,68.799,16.5293,13.66,100,100,1.79,NO,1688834939
225,chegdomyn,51.1167,133.0167,18.12,90,78,0.83,RU,1688834939
226,nyurba,63.2842,118.3319,10.11,72,0,1.41,RU,1688834939
227,praia da vitoria,38.7333,-27.0667,24.14,60,20,1.84,PT,1688834940
228,rongelap,11.1635,166.8941,27.98,81,98,7.43,MH,1688834940
229,melouza,35.98,4.1867,39.8,9,29,8.13,DZ,1688834940
230,gadzhiyevo,69.2551,33.3362,7.07,78,100,5.16,RU,1688834940
231,wynyard,-41.0,145.7167,8.32,88,94,6.2,AU,1688834940
232,hithadhoo,-0.6,73.0833,27.82,66,89,0.96,MV,1688834940
233,santa marta de ortigueira,43.6833,-7.85,21.25,69,33,3.58,ES,1688834940
234,celestun,20.8667,-90.4,31.53,61,44,1.51,MX,1688834941
235,mil'kovo,55.6078,37.7956,22.27,68,89,1.9,RU,1688834941
236,bissau,11.8636,-15.5977,33.06,62,75,2.06,GW,1688834396
237,phan thiet,10.9333,108.1,25.82,89,49,1.48,VN,1688834941
238,general roca,-39.0333,-67.5833,11.28,56,96,4.58,AR,1688834941
239,kisangani,0.5167,25.2,25.01,69,90,1.18,CD,1688834941
240,natal,-5.795,-35.2094,29.36,74,40,7.72,BR,1688834891
241,atherton,53.5237,-2.4935,21.53,92,97,3.51,GB,1688834942
242,dawesville,30.9224,-84.0091,33.42,63,0,3.13,US,1688834942
243,arraial do cabo,-22.9661,-42.0278,27.98,39,0,3.6,BR,1688834942
244,kavieng,-2.5744,150.7967,26.3,83,97,3.2,PG,1688834942
245,katsuura,35.1333,140.3,25.46,91,97,11.16,JP,1688834942
246,autazes,-3.5797,-59.1306,35.23,36,57,2.63,BR,1688834943
247,dengi,9.3667,9.95,30.7,50,96,2.83,NG,1688834943
248,touros,-5.1989,-35.4608,27.89,70,26,6.86,BR,1688834943
249,tremp,42.167,0.8949,35.83,28,1,1.98,ES,1688834943
250,sao tome,0.3365,6.7273,26.02,73,75,7.2,ST,1688834943
251,luena,-11.7833,19.9167,23.1,31,0,4.63,AO,1688834943
252,happy valley-goose bay,53.3168,-60.3315,25.17,69,75,7.72,CA,1688834944
253,opuwo,-18.0607,13.84,20.21,24,0,3.81,NA,1688834944
254,jieyang,23.5289,116.3642,27.96,89,31,1.07,CN,1688834944
255,port elizabeth,-33.918,25.5701,13.16,78,40,9.77,ZA,1688834944
256,cannonvale,-20.2833,148.7,19.66,70,95,4.81,AU,1688834944
257,ofunato,39.0717,141.7167,20.64,93,100,2.13,JP,1688834944
258,kasama,-10.2129,31.1808,18.03,46,33,2.48,ZM,1688834945
259,urengoy,65.9667,78.3667,16.11,64,98,3.57,RU,1688834945
260,afaahiti,-17.75,-149.2833,22.81,84,58,9.13,PF,1688834945
261,ikwiriri,-7.9562,38.9716,21.55,87,38,2.48,TZ,1688834945
262,bilibino,68.0546,166.4372,14.34,48,62,1.52,RU,1688834945
263,la ronge,55.1001,-105.2842,15.14,77,100,3.6,CA,1688834945
264,constantia,44.1833,28.65,18.38,81,99,13.91,RO,1688834660
265,chayan,43.0297,69.3772,27.77,26,32,5.38,KZ,1688834946
266,gislaved,57.3044,13.5408,22.55,56,83,1.41,SE,1688834946
267,mazatlan,23.2167,-106.4167,29.98,66,20,2.06,MX,1688834798
268,mugumu,-1.85,34.7,18.04,70,92,1.58,TZ,1688834946
269,kyzylorda,44.8528,65.5092,29.01,26,0,3.0,KZ,1688834946
270,tralee,52.2704,-9.7026,18.14,63,20,4.12,IE,1688834946
271,san antonio de pale,-1.4014,5.6325,23.07,90,88,5.61,GQ,1688834947
272,viedma,-40.8135,-62.9967,10.74,60,99,5.11,AR,1688834947
273,kodiak,57.79,-152.4072,8.73,87,100,0.0,US,1688834947
274,namibe,-15.1961,12.1522,19.26,82,3,2.75,AO,1688834947
275,cadale,2.7603,46.3222,25.64,79,7,9.34,SO,1688834947
276,tual,-5.6667,132.75,26.36,84,100,12.06,ID,1688834947
277,les cayes,18.2,-73.75,32.18,56,53,4.82,HT,1688834947
278,quartu sant'elena,39.2419,9.1839,28.95,70,0,6.71,IT,1688834948
279,basco,20.4487,121.9702,28.94,74,87,4.06,PH,1688834948
280,miri,4.4148,114.0089,24.08,94,40,3.09,MY,1688834948
281,murzuq,25.9155,13.9184,36.42,11,16,7.24,LY,1688834949
282,tromso,69.6496,18.957,13.01,71,20,2.57,NO,1688834949
283,aloja,57.7669,24.8825,18.15,64,16,4.46,LV,1688834949
284,smara,26.7384,-11.6719,32.47,26,0,9.48,EH,1688834949
285,jiangyou,31.7667,104.7167,23.35,79,60,1.32,CN,1688834753
286,ponta delgada,37.7333,-25.6667,21.4,60,20,3.6,PT,1688834949
287,ibi,38.6253,-0.5723,29.63,39,0,1.2,ES,1688834950
288,fortuna,40.5982,-124.1573,14.43,91,100,3.6,US,1688834950
289,zeya,53.75,127.2667,16.68,80,94,2.28,RU,1688834950
290,kiffa,16.6166,-11.4045,40.2,23,12,4.54,MR,1688834950
291,ameca,20.55,-104.0333,28.91,44,17,1.22,MX,1688834951
292,freetown,8.484,-13.2299,28.84,70,40,3.6,SL,1688834951
293,itaituba,-4.2761,-55.9836,34.09,55,40,3.6,BR,1688834951
294,guarapari,-20.6667,-40.4975,28.27,49,3,5.16,BR,1688834951
295,meadow lakes,61.6247,-149.6011,10.93,92,100,0.0,US,1688834952
296,batyrevo,55.0675,47.6111,25.33,61,63,1.48,RU,1688834952
297,ma'rib,15.4591,45.3253,34.61,7,85,3.92,YE,1688834953
298,miles city,46.4083,-105.8406,22.54,53,0,3.09,US,1688834953
299,sironj,24.1,77.7,27.43,80,76,4.28,IN,1688834953
300,bhisho,-32.8472,27.4422,11.35,67,39,4.39,ZA,1688834953
301,fort bragg,35.139,-79.006,32.17,67,100,1.54,US,1688834953
302,yuzhno-kurilsk,44.0306,145.8556,13.32,99,40,2.09,RU,1688834954
303,colonia,50.9333,6.95,33.87,33,20,2.57,DE,1688834954
304,revda,56.801,59.9303,19.08,66,47,1.76,RU,1688834954
305,island harbour,50.724,-1.2758,23.04,81,99,1.34,GB,1688834954
306,chibougamau,49.9168,-74.3659,23.79,41,40,2.57,CA,1688834840
307,san julian,21.0167,-102.1667,22.34,52,94,2.58,MX,1688834780
308,youghal,51.95,-7.8506,17.56,79,81,5.09,IE,1688834954
309,langepas,61.2544,75.2124,15.0,85,37,4.81,RU,1688834955
310,rio grande,-32.035,-52.0986,17.06,84,96,4.17,BR,1688834955
311,luganville,-15.5333,167.1667,24.49,86,99,3.94,VU,1688834955
312,dulag,10.9525,125.0317,26.02,87,100,0.68,PH,1688834955
313,sroda wielkopolska,52.2284,17.2762,29.99,33,0,1.59,PL,1688834955
314,bodaybo,57.8506,114.1933,16.08,69,95,2.18,RU,1688834955
315,manismata,-2.4667,111.0333,22.41,99,81,1.12,ID,1688834956
316,namdrik,5.5994,168.1028,28.11,82,100,6.37,MH,1688834956
317,darab,28.7519,54.5444,34.77,11,3,5.06,IR,1688834956
318,saint-philippe,-21.3585,55.7679,20.77,75,53,5.94,RE,1688834956
319,thunder bay,48.4001,-89.3168,18.99,52,75,3.6,CA,1688834847
320,seeb,23.6703,58.1891,34.05,52,56,2.57,OM,1688834956
321,al khums,32.6486,14.2619,29.81,52,0,6.61,LY,1688834956
322,nuuk,64.1835,-51.7216,14.34,62,40,3.09,GL,1688834957
323,coquimbo,-29.9533,-71.3436,16.85,55,0,4.12,CL,1688834676
324,ola,59.5833,151.2833,10.9,77,31,1.94,RU,1688834957
325,belo sur tsiribihina,-19.7,44.55,21.06,87,4,2.14,MG,1688834957
326,armacao de buzios,-22.7469,-41.8817,33.03,51,1,4.06,BR,1688834957
327,malvern,34.3623,-92.813,29.45,63,99,2.78,US,1688834958
328,an nuhud,12.7,28.4333,29.01,48,100,3.6,SD,1688834958
329,kone,-21.0595,164.8658,18.84,93,71,1.42,NC,1688834958
330,borogontsy,62.6683,131.1683,9.78,75,100,4.77,RU,1688834958
331,el calafate,-50.3408,-72.2768,-2.77,68,9,0.55,AR,1688834958
332,vyaz'ma,55.2104,34.2951,19.36,65,69,1.37,RU,1688834958
333,lashio,22.9333,97.75,21.63,96,100,0.84,MM,1688834959
334,nabire,-3.3667,135.4833,24.03,93,100,1.73,ID,1688834959
335,fort st. john,56.2499,-120.8529,18.94,59,0,2.57,CA,1688834959
336,polyarnyy,69.1989,33.4478,7.41,77,100,5.19,RU,1688834959
337,skovorodino,53.9833,123.9167,16.82,68,100,1.82,RU,1688834735
338,rifle,39.5347,-107.7831,25.39,35,0,0.0,US,1688834943
339,kuzovatovo,53.5468,47.6866,25.06,54,71,2.39,RU,1688834959
340,guerrero negro,27.9769,-114.0611,20.85,63,25,5.75,MX,1688834781
341,zabol,32.25,67.25,22.53,42,19,2.19,AF,1688834960
342,sisimiut,66.9395,-53.6735,11.29,77,100,2.43,GL,1688834960
343,stornoway,58.2093,-6.3865,21.13,67,93,8.23,GB,1688834960
344,marsabit,2.3284,37.9899,21.75,42,0,9.07,KE,1688834960
345,cooma,-36.2333,149.1333,3.95,75,76,7.43,AU,1688834960
346,nema,57.5067,50.5011,19.59,90,77,3.03,RU,1688834960
347,buala,-8.145,159.5921,26.21,88,88,3.5,SB,1688834961
348,bonthe,7.5264,-12.505,27.63,71,95,4.3,SL,1688834961
349,kasempa,-13.4584,25.8338,16.74,40,1,2.13,ZM,1688834961
350,aripuana,-9.1667,-60.6333,35.53,28,15,1.81,BR,1688834961
351,usinsk,65.9939,57.5281,11.47,78,100,2.94,RU,1688834961
352,changde,29.0464,111.6783,26.96,88,100,2.15,CN,1688834961
353,lompoc,34.6391,-120.4579,22.69,80,100,8.23,US,1688834962
354,baro,8.6,6.4167,28.6,79,84,1.79,NG,1688834727
355,elgin,42.0373,-88.2812,22.3,78,100,3.09,US,1688834627
356,geraldton,-28.7667,114.6,8.23,93,0,3.6,AU,1688834962
357,sao vicente,-23.9631,-46.3919,31.98,27,0,3.13,BR,1688834962
358,port augusta,-32.5,137.7667,9.47,87,3,2.82,AU,1688834962
359,kiknur,57.3034,47.2011,19.82,90,75,11.37,RU,1688834963
360,solikamsk,59.6196,56.7729,18.33,96,88,2.66,RU,1688834912
361,yambol,42.4833,26.5,24.14,60,75,5.14,BG,1688834963
362,dalhart,36.0595,-102.5133,23.04,73,100,4.63,US,1688834963
363,pitkyaranta,61.5734,31.4792,14.91,89,73,0.97,RU,1688834963
364,oliveira dos brejinhos,-12.3169,-42.8961,33.28,25,0,0.37,BR,1688834963
365,masaka,-0.3338,31.7341,19.33,66,34,2.58,UG,1688834963
366,sirte,31.2089,16.5887,28.41,53,0,5.04,LY,1688834964
367,laguna,38.421,-121.4238,22.27,65,0,5.14,US,1688834964
368,cheria,35.2731,7.7519,39.12,15,9,5.42,DZ,1688834964
369,novodvinsk,64.4165,40.8122,12.19,71,100,1.97,RU,1688834964
370,port douglas,-16.4833,145.4667,21.65,79,100,4.86,AU,1688834964
371,hwange,-18.3693,26.5019,18.47,41,0,1.89,ZW,1688834965
372,baidoa,3.1138,43.6498,26.01,51,92,4.75,SO,1688834965
373,yanta,36.2411,115.6672,30.52,45,58,3.88,CN,1688834965
374,newman,37.3138,-121.0208,22.35,54,0,0.89,US,1688834965
375,trincomalee,8.5711,81.2335,27.78,72,58,7.16,LK,1688834965
376,sena madureira,-9.0656,-68.6569,31.45,56,9,2.4,BR,1688834965
377,chany,55.3121,76.7647,17.58,66,58,4.04,RU,1688834966
378,cill airne,52.05,-9.5167,18.03,63,20,4.12,IE,1688834966
379,sidney,-33.8679,151.2073,13.69,63,0,8.23,AU,1688834923
380,jabor,5.921,169.6434,28.24,79,97,8.14,MH,1688834966
381,posto fiscal rolim de moura,-13.0833,-62.2667,35.83,29,5,2.19,BR,1688834966
382,mangrol,21.1167,70.1167,27.63,85,100,5.25,IN,1688834966
383,fale old settlement,-9.3852,-171.2468,28.65,77,88,7.32,TK,1688834967
384,vernon,50.2581,-119.2691,26.63,40,8,1.03,CA,1688834716
385,okhotsk,59.3833,143.3,12.09,98,100,1.34,RU,1688834967
386,waupaca,44.358,-89.086,26.01,50,0,0.89,US,1688834967
387,belmonte,-15.8631,-38.8828,25.52,67,32,2.7,BR,1688834967
388,san luis de la loma,17.2706,-100.8939,30.62,63,94,2.93,MX,1688834972
389,bafoulabe,13.8065,-10.8321,35.53,42,89,2.04,ML,1688834973
390,mirnyy,62.5353,113.9611,12.76,72,46,1.56,RU,1688834973
391,tabou,4.423,-7.3528,25.77,79,82,4.36,CI,1688834973
392,kalmunai,7.4167,81.8167,27.51,81,59,1.87,LK,1688834973
393,qarazhal,48.0078,70.7903,25.31,29,42,4.03,KZ,1688834973
394,piti village,13.4626,144.6933,27.49,85,0,3.6,GU,1688834974
395,birecik,37.0294,37.9903,31.56,33,0,7.03,TR,1688834974
396,charters towers,-20.1,146.2667,12.56,46,5,4.01,AU,1688834974
397,dauphin,51.1494,-100.0502,20.08,49,0,2.57,CA,1688834974
398,kuanda,56.3161,116.0806,17.48,65,98,0.11,RU,1688834974
399,taksimo,56.3444,114.8794,17.75,61,83,0.88,RU,1688834974
400,ningyang,35.7642,116.7914,27.71,51,36,2.09,CN,1688834974
401,tindouf,27.6711,-8.1474,42.25,9,0,6.69,DZ,1688834975
402,huarmey,-10.0681,-78.1522,23.38,65,28,4.46,PE,1688834975
403,holdrege,40.4403,-99.3698,18.95,77,0,3.09,US,1688834975
404,katsuren-haebaru,26.3369,127.8719,28.21,92,40,5.14,JP,1688834975
405,olinda,-8.0089,-34.8553,27.85,78,40,3.09,BR,1688834849
406,farafangana,-22.8167,47.8333,20.8,85,37,3.97,MG,1688834975
407,qarqaraly,49.4058,75.4742,15.96,62,40,1.81,KZ,1688834976
408,rabaul,-4.1967,152.1721,25.55,84,99,2.91,PG,1688834976
409,phan rang-thap cham,11.5667,108.9833,25.58,89,50,2.29,VN,1688834976
410,inarajan village,13.2736,144.7484,27.54,88,100,5.51,GU,1688834976
411,sinop,41.7711,34.8709,20.24,83,63,2.04,TR,1688834976
412,kayangel,8.0823,134.7173,28.25,77,96,2.46,PW,1688834976
413,klaksvik,62.2266,-6.589,18.51,91,93,3.95,FO,1688834976
414,gizo,-8.103,156.8419,26.74,85,93,7.4,SB,1688834977
415,joshua tree,34.1347,-116.3131,31.31,17,0,2.68,US,1688834977
416,tranas,58.0372,14.9782,24.1,39,20,2.65,SE,1688834977
417,laojunmiao,39.8333,97.7333,24.07,21,4,4.47,CN,1688834977
418,usogorsk,63.4106,48.6872,11.63,94,100,2.05,RU,1688834977
419,al jawf,29.5,38.75,34.26,14,6,3.57,SA,1688834977
420,parauna,-16.9478,-50.4486,30.29,19,4,2.25,BR,1688834978
421,acapulco de juarez,16.8634,-99.8901,30.38,66,45,3.24,MX,1688834888
422,neustadt (hessen),50.85,9.1167,32.07,39,44,2.21,DE,1688834978
423,nantucket,41.2835,-70.0995,27.08,83,40,3.6,US,1688834930
424,saldanha,-33.0117,17.9442,12.03,70,49,8.8,ZA,1688834978
425,cockburn town,21.4612,-71.1419,28.15,75,5,6.6,TC,1688834978
426,ta`u,-14.2336,-169.5144,27.16,79,91,7.71,AS,1688834979
427,conception bay south,47.4999,-52.9981,21.69,85,91,1.13,CA,1688834979
428,santa cruz do rio pardo,-22.8989,-49.6325,27.26,36,18,5.27,BR,1688834979
429,suamico,44.6319,-88.0393,24.71,58,0,2.57,US,1688834979
430,kholmsk,47.0511,142.0569,16.2,97,42,1.4,RU,1688834979
431,muisne,0.6,-80.0333,27.87,71,98,2.34,EC,1688834979
432,salmon arm,50.6998,-119.3024,26.91,54,6,0.51,CA,1688834980
433,castillos,-34.1667,-53.8333,14.59,57,3,3.35,UY,1688834980
434,michigan city,41.7075,-86.895,20.29,95,85,3.65,US,1688834784
435,rice lake,45.5061,-91.7382,22.82,66,40,2.57,US,1688834703
436,ivdel',60.6911,60.4206,15.5,93,100,0.79,RU,1688834980
437,howard springs,-12.497,131.047,22.95,61,27,4.57,AU,1688834980
438,peace river,56.2501,-117.286,20.17,59,0,2.06,CA,1688834889
439,parauapebas,-6.0675,-49.9022,30.99,57,40,0.0,BR,1688834980
440,ribeira brava,32.65,-17.0667,25.62,78,40,2.13,PT,1688834981
441,sarande,39.8756,20.0053,28.85,74,0,2.7,AL,1688834981
442,sabang,5.8933,95.3214,27.14,81,100,7.2,ID,1688834981
443,aoji,42.5206,130.3953,18.76,99,100,0.61,KP,1688834981
444,taroa,8.7058,171.2275,28.1,80,100,8.98,MH,1688834981
445,queenstown,-31.8976,26.8753,10.92,40,26,6.72,ZA,1688834981
446,raduzhnyy,62.0961,77.475,16.14,86,100,2.66,RU,1688834982
447,vershino-darasunskiy,52.35,115.5167,14.19,98,100,1.74,RU,1688834982
448,juan griego,11.0817,-63.9655,30.38,64,75,5.22,VE,1688834982
449,igarka,67.4667,86.5833,16.75,91,47,0.73,RU,1688834982
450,tolanaro,-25.0319,46.9987,22.04,83,20,9.26,MG,1688834982
451,narvik,68.4384,17.4272,13.67,84,95,1.42,NO,1688834982
452,danjiangkou,32.5428,111.5086,27.32,88,89,1.19,CN,1688834982
453,wenchang,30.904,118.4887,25.46,95,100,2.6,CN,1688834983
454,sassandra,4.95,-6.0833,25.87,84,80,4.75,CI,1688834983
455,wellington,-41.2866,174.7756,12.81,95,75,3.09,NZ,1688834983
456,inirida,3.8653,-67.9239,27.33,79,86,1.26,CO,1688834983
457,beccles,52.4535,1.564,26.34,66,98,3.65,GB,1688834983
458,san antonio,29.4241,-98.4936,33.71,60,0,3.6,US,1688834589
459,vale da amoreira,39.0697,-7.6985,31.29,34,100,5.15,PT,1688834984
460,along,28.1667,94.7667,24.12,97,99,0.6,IN,1688834984
461,ranchettes,41.2186,-104.7903,17.38,83,100,5.81,US,1688834984
462,palmer,42.1584,-72.3287,30.69,65,40,0.45,US,1688834630
463,oyama,36.3,139.8,27.55,92,100,1.37,JP,1688834984
464,gamba,-2.65,10.0,22.16,83,100,3.8,GA,1688834984
465,krasnovishersk,60.4078,57.082,15.84,99,100,2.09,RU,1688834985
466,alice springs,-23.7,133.8833,6.75,87,98,2.67,AU,1688834985
467,coahuayana de hidalgo,18.7,-103.6583,24.95,92,88,1.26,MX,1688834985
468,yarmouth,41.7057,-70.2286,30.54,83,75,3.58,US,1688834985
469,rudnichnyy,59.617,52.4703,19.92,96,77,2.68,RU,1688834985
470,taghazout,30.5426,-9.7112,29.43,60,2,2.55,MA,1688834985
471,grand falls-windsor,48.9332,-55.6649,26.95,67,63,1.92,CA,1688834985
472,kokopo,-4.352,152.2633,24.4,88,100,3.05,PG,1688834986
473,jalai nur,49.45,117.7,17.2,89,100,0.8,CN,1688834986
474,hakui,36.8833,136.7833,22.92,98,100,2.15,JP,1688834986
475,talalayivka,50.9578,31.9209,20.44,64,100,7.54,UA,1688834986
476,reyes,-14.3167,-67.3833,33.18,40,49,2.72,BO,1688834986
477,kyren,51.6828,102.1408,16.79,77,51,0.73,RU,1688834986
478,hobyo,5.3505,48.5268,25.63,75,97,12.87,SO,1688834986
479,kununurra,-15.7667,128.7333,20.99,52,48,2.57,AU,1688834987
480,sao jose da coroa grande,-8.8978,-35.1478,25.76,84,39,4.93,BR,1688834987
481,la passe,45.5549,-0.8967,30.13,66,100,6.01,FR,1688834987
482,boca suno,-0.7167,-77.1333,27.77,98,100,1.08,EC,1688834987
483,lamar,33.6668,-95.5836,31.1,74,75,4.63,US,1688834987
484,gargzdai,55.7128,21.4033,18.88,63,12,4.21,LT,1688834987
485,sao felix do xingu,-6.6447,-51.995,35.03,31,24,1.58,BR,1688834987
486,norilsk,69.3535,88.2027,16.35,86,85,1.72,RU,1688834907
487,vilyuysk,63.7553,121.6247,9.1,61,0,2.42,RU,1688834988
488,cruzeiro do sul,-29.5128,-51.9853,17.53,86,51,2.33,BR,1688834988
489,robertsport,6.7533,-11.3686,27.02,73,80,4.53,LR,1688834988
490,isangel,-19.55,169.2667,21.37,83,6,4.05,VU,1688834988
491,zhangatas,43.5667,69.75,26.39,29,50,3.83,KZ,1688834989
492,olean,42.0776,-78.4297,25.92,49,0,0.0,US,1688834989
493,pontianak,-0.0333,109.3333,25.99,94,75,1.03,ID,1688834989
494,old town,50.087,14.4202,31.84,25,0,3.6,CZ,1688834989
495,alofi,-19.0595,-169.9187,20.94,94,100,1.54,NU,1688834989
496,amos,48.5669,-78.1162,24.48,41,100,2.52,CA,1688834989
497,markovo,57.3206,107.0881,18.08,61,100,3.52,RU,1688834990
498,ilhabela,-23.7781,-45.3581,27.37,44,12,1.25,BR,1688834990
499,sungai penuh,-2.0833,101.3833,17.78,93,93,1.24,ID,1688834990
500,jerome,42.7241,-114.5186,24.26,48,0,4.12,US,1688834990
501,poykovskiy,61.2333,73.3333,17.16,82,20,3.0,RU,1688834990
502,tanout,14.9709,8.8879,38.76,18,31,2.42,NE,1688834990
503,nishinoomote,30.7333,131.0,26.99,89,81,1.98,JP,1688834696
504,toamasina,-18.1667,49.3833,21.13,84,29,1.73,MG,1688834991
505,puntarenas,9.9763,-84.8384,30.26,69,50,2.66,CR,1688834913
506,puerto aysen,-45.4,-72.7,4.09,89,95,1.77,CL,1688834896
507,gaiman,-43.2897,-65.4929,6.3,88,99,3.11,AR,1688834991
508,sur,22.5667,59.5289,31.69,61,91,6.45,OM,1688834991
509,la'ie,21.6477,-157.9253,25.98,74,72,2.24,US,1688834991
510,midelt,32.6852,-4.7451,34.94,12,32,6.51,MA,1688835274
511,porto novo,6.4965,2.6036,26.9,93,100,4.54,BJ,1688835263
512,sao paulo,-23.5475,-46.6361,25.25,42,0,6.69,BR,1688834497
513,bubaque,11.2833,-15.8333,28.1,67,81,2.83,GW,1688835274
514,lazaro cardenas,17.9583,-102.2,29.79,64,91,2.5,MX,1688835274
515,reggane,26.7158,0.1714,46.64,6,17,7.27,DZ,1688835274
516,ciudad bolivar,8.1222,-63.5497,35.46,36,49,5.21,VE,1688835275
517,trujillo,-8.116,-79.03,23.98,78,7,5.66,PE,1688835273
518,kourou,5.1552,-52.6478,31.03,61,12,3.41,GF,1688835275
519,maceio,-9.6658,-35.7353,27.69,78,75,1.54,BR,1688835275
520,quepos,9.4236,-84.1652,29.81,69,46,2.14,CR,1688835275
521,kirkuk,35.4681,44.3922,36.55,15,0,4.6,IQ,1688835275
522,kashgar,39.4547,75.9797,23.56,31,20,10.0,CN,1688835275
523,gbarnga,6.9956,-9.4722,26.93,86,88,0.32,LR,1688835275
524,greymouth,-42.4667,171.2,10.31,93,99,1.32,NZ,1688835276
525,tshabong,-26.05,22.45,14.93,33,0,6.14,BW,1688835048
526,santa luzia,-19.7697,-43.8514,26.6,36,40,2.57,BR,1688835277
527,salinas,36.6777,-121.6555,18.78,76,100,5.14,US,1688835039
528,labytnangi,66.6572,66.4183,12.5,91,40,1.83,RU,1688835278
529,amalapuram,16.5833,82.0167,28.26,75,100,1.41,IN,1688835278
530,okunoya,36.2833,140.4167,26.17,100,75,1.54,JP,1688835278
531,nanao,37.05,136.9667,22.96,98,100,2.23,JP,1688835278
532,mount gambier,-37.8333,140.7667,12.12,85,99,6.91,AU,1688835279
533,fisterra,42.9049,-9.2629,22.08,77,16,4.28,ES,1688835279
534,birao,10.2849,22.7882,25.16,77,88,2.36,CF,1688835279
535,dryden,49.7833,-92.7503,18.16,42,0,3.09,CA,1688835280
536,saint-joseph,-21.3667,55.6167,20.21,73,44,5.53,RE,1688835280
537,karacabey,40.2152,28.4038,25.21,70,20,5.47,TR,1688835280
538,chanar ladeado,-33.3252,-62.0383,16.08,63,80,3.43,AR,1688835280
539,ampliacion colonia lazaro cardenas,28.3833,-105.6167,32.49,30,0,2.72,MX,1688835280
540,borovskoy,53.8,64.15,20.5,60,70,0.95,KZ,1688835281
541,andergrove,-21.0833,149.1833,9.8,61,53,4.49,AU,1688835281
542,iskushuban,10.2837,50.23,34.08,28,2,10.29,SO,1688835281
543,porto belo,-27.1578,-48.5531,22.87,81,98,3.17,BR,1688835281
544,yigo village,13.5361,144.8886,26.62,83,75,3.6,GU,1688835281
545,shenjiamen,29.9576,122.298,23.73,96,99,6.2,CN,1688835281
546,pakokku,21.3333,95.1,32.0,55,100,5.2,MM,1688835282
547,mandalgovi,45.7625,106.2708,18.99,58,62,2.48,MN,1688835282
548,salekhard,66.53,66.6019,12.65,91,67,3.0,RU,1688835282
549,ust'-uda,54.1742,103.0304,18.29,82,28,0.77,RU,1688835282
550,changuinola,9.4333,-82.5167,28.33,70,86,1.34,PA,1688835211
551,myeik,12.4333,98.6,26.05,89,92,0.42,MM,1688835283
552,selebi-phikwe,-21.979,27.8498,17.56,37,0,1.34,BW,1688835265
553,al muwayh,22.4333,41.7583,34.51,15,92,10.52,SA,1688835283
554,funtua,11.5233,7.3081,31.95,37,91,3.95,NG,1688835283
555,port-cartier,50.0334,-66.8654,23.12,70,68,3.84,CA,1688835283
